term,cluster,support,number_of_tweets
abruzzo,1,yes,34
accordo,1,yes,74
affrontare,1,yes,41
aiutare,1,yes,27
aledibattista,1,yes,30
allultimo,1,yes,19
amatrice,1,yes,26
ancona,1,yes,96
andare,1,yes,44
andrearomano,1,yes,19
annaleonardi,1,yes,28
ansait,1,yes,39
arriva,1,yes,43
aspetta,1,yes,19
aspettando,1,yes,23
aspettiamo,1,yes,44
attacca,1,yes,51
base,1,yes,35
bel,1,yes,43
bellezza,1,yes,36
bellissima,1,yes,40
bellissimo,1,yes,21
bersani,1,yes,33
bici,1,yes,32
bisogna,1,yes,44
blocco,1,yes,41
bologna,1,yes,199
brunetta,1,yes,22
bruxelles,1,yes,39
bugie,1,yes,21
burocrazia,1,yes,71
calabria,1,yes,49
cambi,1,yes,19
capire,1,yes,46
carabinieri,1,yes,58
caserma,1,yes,26
casta,1,yes,29
ce,1,yes,362
cgilnazionale,1,yes,32
chiara,1,yes,22
chissa,1,yes,26
chiuso,1,yes,21
coerenza,1,yes,29
comitati,1,yes,26
complimenti,1,yes,29
comune,1,yes,46
contratti,1,yes,52
contratto,1,yes,172
contrattopa,1,yes,52
corteo,1,yes,23
cose,1,yes,129
credo,1,yes,47
dalema,1,yes,61
danielecina,1,yes,107
danieledvpd,1,yes,24
dare,1,yes,83
decidere,1,yes,24
dellaccordo,1,yes,37
dellulivo,1,yes,21
democratica,1,yes,26
democrazia,1,yes,135
destra,1,yes,48
dibattista,1,yes,27
dicendo,1,yes,23
dignita,1,yes,20
dipendenti,1,yes,43
discordoconme,1,yes,32
dobbiamo,1,yes,67
domenicalive,1,yes,181
dovere,1,yes,28
efficiente,1,yes,39
eh,1,yes,39
elezioni,1,yes,27
eliminare,1,yes,26
entusiasmo,1,yes,27
felice,1,yes,34
fiducia,1,yes,52
figli,1,yes,42
fillon,1,yes,20
firma,1,yes,88
fondo,1,yes,28
francesco,1,yes,36
fronte,1,yes,49
giampaologalli,1,yes,23
gioia,1,yes,19
giovani,1,yes,73
grandi,1,yes,47
grillino,1,yes,24
gt,1,yes,25
idee,1,yes,24
impiego,1,yes,25
incontro,1,yes,97
inmezzora,1,yes,24
insiemesicambia,1,yes,27
italiano,1,yes,48
laccordo,1,yes,37
larena,1,yes,19
larma,1,yes,20
lasciare,1,yes,25
lavoltabuona,1,yes,51
lavoratori,1,yes,75
leader,1,yes,45
lega,1,yes,26
leggere,1,yes,61
letto,1,yes,24
liberta,1,yes,35
litalia,1,yes,405
lulivo,1,yes,31
mani,1,yes,20
mano,1,yes,47
marcomarianiit,1,yes,29
massimo,1,yes,27
matrix,1,yes,36
mauriziolupi,1,yes,42
maxxi,1,yes,30
merito,1,yes,111
metalmeccanici,1,yes,130
michele,1,yes,27
minuti,1,yes,24
monza,1,yes,32
motivazioni,1,yes,20
nuove,1,yes,20
p,1,yes,28
paeserenzi,1,yes,20
pancia,1,yes,63
parliamo,1,yes,32
parma,1,yes,24
parole,1,yes,80
partecipazione,1,yes,39
partita,1,yes,27
passato,1,yes,24
passodopopasso,1,yes,52
pe,1,yes,20
pensiero,1,yes,21
perfetta,1,yes,29
perso,1,yes,21
pesaro,1,yes,37
pezzo,1,yes,21
piace,1,yes,47
piena,1,yes,24
pochi,1,yes,43
politica,1,yes,252
politico,1,yes,44
pomeriggio,1,yes,37
popolo,1,yes,29
porta,1,yes,72
portaaporta,1,yes,121
portato,1,yes,37
possibile,1,yes,49
possibilita,1,yes,30
posso,1,yes,26
possono,1,yes,52
post,1,yes,36
premier,1,yes,26
principio,1,yes,24
problema,1,yes,36
prodi,1,yes,235
prof,1,yes,43
profilo,1,yes,20
progetti,1,yes,26
pubblici,1,yes,82
pubblico,1,yes,101
puntata,1,yes,20
qual,1,yes,19
qualita,1,yes,52
ragione,1,yes,44
rai,1,yes,51
referendumcostituzionale,1,yes,390
regionale,1,yes,20
regole,1,yes,36
rende,1,yes,54
rendere,1,yes,51
renzi,1,yes,1188
resta,1,yes,30
restare,1,yes,25
riconoscere,1,yes,24
ricostruzione,1,yes,29
ridurre,1,yes,24
riforme,1,yes,106
riguarda,1,yes,24
rimborsi,1,yes,23
risparmio,1,yes,24
robertapinotti,1,yes,23
romano,1,yes,100
rt,1,yes,32
sa,1,yes,50
salvini,1,yes,187
santoro,1,yes,35
sapere,1,yes,21
scelta,1,yes,66
scritto,1,yes,43
scuola,1,yes,60
scusa,1,yes,21
semplificare,1,yes,21
senatoripd,1,yes,58
servizi,1,yes,40
sicilia,1,yes,35
signori,1,yes,20
sindacati,1,yes,53
sindaco,1,yes,196
sinistra,1,yes,81
siono,1,yes,22
sistema,1,yes,89
solidarieta,1,yes,46
specialereferendum,1,yes,114
spero,1,yes,28
statali,1,yes,43
stefanoceccanti,1,yes,28
storia,1,yes,88
storico,1,yes,28
studio,1,yes,19
supersi,1,yes,59
suvereto,1,yes,21
sviluppo,1,yes,61
szampa,1,yes,20
tante,1,yes,65
tanti,1,yes,120
tantissimi,1,yes,26
terremoto,1,yes,107
testa,1,yes,84
tocca,1,yes,82
torre,1,yes,21
travaglio,1,yes,32
tribunale,1,yes,20
uilm,1,yes,24
usare,1,yes,25
valore,1,yes,29
vede,1,yes,31
vedo,1,yes,24
vinciamo,1,yes,19
violante,1,yes,27
virginiaraggi,1,yes,57
voglia,1,yes,33
vogliono,1,yes,24
volete,1,yes,54
voluto,1,yes,26
vorrei,1,yes,29
vota,1,yes,315
votazioni,1,yes,19
votera,1,yes,35
votero,1,yes,39
voti,1,yes,64
vuol,1,yes,22
vuole,1,yes,130
wepesaro,1,yes,21
abolire,2,yes,21
addio,2,yes,19
agenziaansa,2,yes,20
aleppo,2,yes,19
alto,2,yes,34
amici,2,yes,64
amministratori,2,yes,27
andiamo,2,yes,26
andrea,2,yes,32
appena,2,yes,20
approvata,2,yes,50
appuntamenti,2,yes,26
appuntamento,2,yes,56
apre,2,yes,22
argomenti,2,yes,21
aspetto,2,yes,61
assente,2,yes,20
assieme,2,yes,20
attenzione,2,yes,19
aumenta,2,yes,25
aumento,2,yes,43
avra,2,yes,35
basse,2,yes,31
bella,2,yes,118
beppe,2,yes,37
beppegrillo,2,yes,39
bergamo,2,yes,33
bicameralismo,2,yes,84
bilancio,2,yes,56
bloccato,2,yes,44
bravi,2,yes,32
buon,2,yes,64
buone,2,yes,45
buongiorno,2,yes,55
calligrafica,2,yes,23
cambiera,2,yes,32
camera,2,yes,106
camere,2,yes,25
campo,2,yes,42
canale,2,yes,24
carlosantaroni,2,yes,67
casapound,2,yes,21
causa,2,yes,31
cervello,2,yes,47
chiede,2,yes,35
chiesa,2,yes,20
chiesto,2,yes,22
civile,2,yes,33
clima,2,yes,19
commissione,2,yes,40
conferenza,2,yes,29
confronto,2,yes,117
continua,2,yes,37
continuare,2,yes,34
continuiamo,2,yes,20
convegno,2,yes,20
corriere,2,yes,34
corruzione,2,yes,31
corso,2,yes,22
corte,2,yes,22
cremona,2,yes,28
cresce,2,yes,30
crescita,2,yes,88
crisi,2,yes,33
cultura,2,yes,63
cure,2,yes,22
dati,2,yes,39
de,2,yes,115
dedicato,2,yes,23
dellitalia,2,yes,49
democratico,2,yes,20
deputata,2,yes,53
deputati,2,yes,37
deputatipd,2,yes,89
deputato,2,yes,30
dettagli,2,yes,22
devono,2,yes,43
difendere,2,yes,19
difesa,2,yes,19
direttamente,2,yes,31
diritti,2,yes,21
discorsi,2,yes,36
discussione,2,yes,19
discutere,2,yes,51
disinformazione,2,yes,27
disoccupazione,2,yes,69
divita,2,yes,20
domani,2,yes,273
donne,2,yes,139
dovrebbe,2,yes,21
eletto,2,yes,27
elettorale,2,yes,139
emilia,2,yes,19
enricozanetti,2,yes,34
equitalia,2,yes,26
ercolano,2,yes,30
erealacci,2,yes,37
esiste,2,yes,35
europeo,2,yes,69
facolta,2,yes,57
false,2,yes,167
falso,2,yes,24
famiglie,2,yes,38
fascisti,2,yes,21
fattoquotidiano,2,yes,29
fedeangeli,2,yes,26
firenze,2,yes,83
firme,2,yes,180
firmefalse,2,yes,243
fisco,2,yes,20
fondi,2,yes,115
francia,2,yes,23
freddo,2,yes,27
fvg,2,yes,22
genere,2,yes,36
ginanatuzzi,2,yes,35
giornalisti,2,yes,20
giornata,2,yes,52
giovanile,2,yes,35
giovanni,2,yes,19
giovedi,2,yes,26
giro,2,yes,52
giuliadivita,2,yes,49
giustizia,2,yes,27
grazianodelrio,2,yes,56
grillini,2,yes,71
grillo,2,yes,277
guarda,2,yes,26
h,2,yes,49
honesta,2,yes,31
huffpostitalia,2,yes,28
idea,2,yes,26
impact,2,yes,20
impegno,2,yes,50
importanti,2,yes,20
imprese,2,yes,40
indagata,2,yes,42
indagati,2,yes,130
industria,2,yes,44
inizia,2,yes,45
interventi,2,yes,27
intervento,2,yes,34
intervista,2,yes,96
intesa,2,yes,20
investimenti,2,yes,68
istat,2,yes,49
istatit,2,yes,38
italia,2,yes,198
italiana,2,yes,63
italiane,2,yes,23
italiasicura,2,yes,20
latv,2,yes,19
lauraboldrini,2,yes,38
lavorare,2,yes,27
lavori,2,yes,29
legge,2,yes,252
leggedibilancio,2,yes,168
liaquartapelle,2,yes,21
liberisi,2,yes,31
libro,2,yes,33
liceo,2,yes,22
lidea,2,yes,19
livello,2,yes,21
loccasione,2,yes,28
lon,2,yes,21
lotta,2,yes,40
luca,2,yes,25
luigi,2,yes,23
lunedi,2,yes,29
m,2,yes,20
magistrati,2,yes,53
maio,2,yes,57
mannino,2,yes,85
manovra,2,yes,34
mattarella,2,yes,30
matteoricci,2,yes,54
matteosalvinimi,2,yes,53
mdpennalunga,2,yes,61
mercato,2,yes,62
mese,2,yes,33
messi,2,yes,22
messo,2,yes,39
mettere,2,yes,33
migliorare,2,yes,26
migliore,2,yes,40
milano,2,yes,104
milanobastaunsi,2,yes,23
mille,2,yes,87
minuto,2,yes,19
misure,2,yes,22
mld,2,yes,36
mln,2,yes,59
mobilitazione,2,yes,25
montecitorio,2,yes,27
movstelle,2,yes,60
ms,2,yes,647
natale,2,yes,53
nn,2,yes,28
noisti,2,yes,21
nomina,2,yes,19
normale,2,yes,23
notizie,2,yes,76
novembre,2,yes,57
novita,2,yes,51
numeri,2,yes,58
numero,2,yes,55
nuti,2,yes,116
occupati,2,yes,22
occupazione,2,yes,23
odio,2,yes,24
ok,2,yes,28
omerta,2,yes,31
omnibusla,2,yes,27
on,2,yes,35
onesta,2,yes,50
onesti,2,yes,27
online,2,yes,28
opera,2,yes,23
orgoglio,2,yes,24
ottobre,2,yes,26
pa,2,yes,65
pagina,2,yes,50
palazzo,2,yes,33
palermo,2,yes,194
papa,2,yes,20
pari,2,yes,22
paritario,2,yes,36
parlamentari,2,yes,85
parlamento,2,yes,201
parlano,2,yes,22
parlare,2,yes,169
parlato,2,yes,23
parola,2,yes,39
partire,2,yes,22
partito,2,yes,63
pasproni,2,yes,20
passa,2,yes,25
paternita,2,yes,19
pdnetwork,2,yes,137
pensioni,2,yes,75
perdere,2,yes,26
perfetto,2,yes,22
periferie,2,yes,26
persona,2,yes,38
piangere,2,yes,21
piano,2,yes,39
piazza,2,yes,253
piazze,2,yes,38
piccolo,2,yes,19
pil,2,yes,77
pm,2,yes,66
portare,2,yes,21
potenza,2,yes,26
pratica,2,yes,21
prendere,2,yes,22
presentazione,2,yes,35
presso,2,yes,27
prevenzione,2,yes,28
principali,2,yes,28
priorita,2,yes,19
procura,2,yes,24
progetto,2,yes,19
pronti,2,yes,29
proposta,2,yes,49
prossimo,2,yes,19
prova,2,yes,47
puglia,2,yes,26
questione,2,yes,25
quintacolonna,2,yes,140
rabbia,2,yes,26
raccontare,2,yes,21
raggi,2,yes,142
raggiunge,2,yes,23
ragionidelsi,2,yes,26
rapporto,2,yes,29
realta,2,yes,31
reggio,2,yes,26
regione,2,yes,66
responsabilita,2,yes,50
restitutionday,2,yes,35
resto,2,yes,19
retweeted,2,yes,182
riccardo,2,yes,31
ricordo,2,yes,34
riformacostituzionale,2,yes,247
riformare,2,yes,25
riformarenzi,2,yes,23
rimane,2,yes,28
rinnovo,2,yes,61
riparte,2,yes,24
ripresa,2,yes,19
risponde,2,yes,51
rispondere,2,yes,79
rispondono,2,yes,30
roberto,2,yes,25
s,2,yes,45
sala,2,yes,55
salgono,2,yes,33
salute,2,yes,24
san,2,yes,44
sanita,2,yes,105
sanno,2,yes,34
saro,2,yes,89
sarottola,2,yes,23
sblocca,2,yes,41
sbloccare,2,yes,24
scelti,2,yes,24
scende,2,yes,20
scrive,2,yes,28
scuole,2,yes,24
seconda,2,yes,27
segno,2,yes,23
semplificazione,2,yes,20
senatore,2,yes,48
senzasinistra,2,yes,41
sera,2,yes,135
settimana,2,yes,68
sicurezza,2,yes,33
signoria,2,yes,21
silenzio,2,yes,46
simyfrant,2,yes,23
sindaci,2,yes,242
siperilsud,2,yes,21
skytg,2,yes,74
social,2,yes,46
sola,2,yes,30
soldi,2,yes,97
sospensione,2,yes,20
sostegno,2,yes,52
sostenere,2,yes,46
spazio,2,yes,26
speciale,2,yes,20
speranza,2,yes,35
spese,2,yes,26
spiegare,2,yes,89
sport,2,yes,32
sprechi,2,yes,19
stabilita,2,yes,65
staff,2,yes,31
stamattina,2,yes,33
stampa,2,yes,45
stazione,2,yes,41
stefaniapezzopa,2,yes,34
stipendi,2,yes,24
strada,2,yes,46
studenti,2,yes,42
sud,2,yes,96
superamento,2,yes,22
superare,2,yes,33
taglio,2,yes,24
tasse,2,yes,56
tecnici,2,yes,26
tecnico,2,yes,27
tema,2,yes,38
temi,2,yes,21
tempi,2,yes,37
terremotate,2,yes,29
tg,2,yes,27
tittidisalvo,2,yes,23
torakjkj,2,yes,23
torna,2,yes,53
totale,2,yes,25
tour,2,yes,26
treno,2,yes,22
trimestre,2,yes,28
turismo,2,yes,22
ue,2,yes,76
ultimi,2,yes,48
unico,2,yes,46
unoccasione,2,yes,19
utile,2,yes,19
valeriafedeli,2,yes,21
vanno,2,yes,29
ve,2,yes,23
venezia,2,yes,36
veramente,2,yes,23
vergogna,2,yes,54
veri,2,yes,25
viene,2,yes,48
vino,2,yes,38
violenza,2,yes,58
visita,2,yes,21
vista,2,yes,24
vittoria,2,yes,39
voce,2,yes,21
volantinaggio,2,yes,47
votano,2,yes,65
votate,2,yes,113
votato,2,yes,49
votava,2,yes,19
vuoi,2,yes,26
web,2,yes,31
worldaidsday,2,yes,22
zone,2,yes,41
abuso,3,yes,38
aiuta,3,yes,25
alibi,3,yes,22
allestero,3,yes,31
allitalia,3,yes,25
almeno,3,yes,38
altra,3,yes,30
andreaolivero,3,yes,30
andreaorlandosp,3,yes,20
antibufale,3,yes,20
antodimario,3,yes,52
appendino,3,yes,21
art,3,yes,38
articolo,3,yes,34
ascoltare,3,yes,26
atto,3,yes,24
autonomie,3,yes,24
autoritaria,3,yes,58
bambini,3,yes,24
bastaunsi,3,yes,2391
bastaunsindaco,3,yes,204
battaglia,3,yes,24
battista,3,yes,65
bello,3,yes,64
bisogno,3,yes,72
blog,3,yes,31
bobogiac,3,yes,30
bocca,3,yes,35
buca,3,yes,23
bufala,3,yes,156
bufale,3,yes,209
bufaledelno,3,yes,120
buona,3,yes,112
buzzfeed,3,yes,46
cade,3,yes,24
cagliari,3,yes,29
cambia,3,yes,144
cambiamento,3,yes,91
cambiamo,3,yes,28
cambiare,3,yes,397
cambiato,3,yes,26
campagna,3,yes,158
campidoglio,3,yes,54
capito,3,yes,41
capo,3,yes,24
caro,3,yes,45
cartabianca,3,yes,24
casaleggio,3,yes,23
castro,3,yes,34
centra,3,yes,20
centro,3,yes,71
cera,3,yes,22
chiaro,3,yes,70
chiti,3,yes,40
chiudere,3,yes,20
chiusura,3,yes,46
circolo,3,yes,31
cittadini,3,yes,371
cittadino,3,yes,24
clementif,3,yes,19
cnel,3,yes,34
comitato,3,yes,43
competenze,3,yes,29
comunale,3,yes,34
comuni,3,yes,20
comunita,3,yes,35
consiglieri,3,yes,56
conto,3,yes,31
convincere,3,yes,22
convinto,3,yes,22
coraggio,3,yes,32
cosedilavoro,3,yes,90
costi,3,yes,51
costituzionale,3,yes,245
costituzione,3,yes,162
costruire,3,yes,20
credulita,3,yes,40
cuba,3,yes,30
culturale,3,yes,19
cuore,3,yes,80
daccordo,3,yes,38
darionardella,3,yes,59
davvero,3,yes,109
deciso,3,yes,28
dellarticolo,3,yes,26
deriva,3,yes,60
dibattito,3,yes,57
dibba,3,yes,30
dicembre,3,yes,461
dico,3,yes,42
dicono,3,yes,85
differenza,3,yes,26
dimaio,3,yes,30
dimartedi,3,yes,35
dimostra,3,yes,19
diretta,3,yes,178
direzione,3,yes,22
diritto,3,yes,40
diverso,3,yes,49
domanda,3,yes,62
domande,3,yes,79
domenica,3,yes,114
donna,3,yes,29
dubbi,3,yes,28
economia,3,yes,34
eletti,3,yes,59
elettori,3,yes,54
elezione,3,yes,39
entrare,3,yes,22
euro,3,yes,125
europa,3,yes,99
europea,3,yes,32
europei,3,yes,29
fabriziobarca,3,yes,53
facebook,3,yes,59
famiglia,3,yes,27
far,3,yes,99
fara,3,yes,29
farlo,3,yes,29
fatta,3,yes,26
fidel,3,yes,39
fidelcastro,3,yes,28
finale,3,yes,33
fiom,3,yes,22
firmato,3,yes,40
flop,3,yes,38
forte,3,yes,112
forti,3,yes,26
fortuna,3,yes,22
foto,3,yes,33
genova,3,yes,38
gfalcomata,3,yes,29
giorgiogori,3,yes,36
giulia,3,yes,45
giusta,3,yes,43
giusto,3,yes,48
governi,3,yes,27
gran,3,yes,27
grillina,3,yes,27
guardare,3,yes,23
ilmessaggeroit,3,yes,26
ilva,3,yes,27
importante,3,yes,221
indecisi,3,yes,31
iniziativa,3,yes,49
insulti,3,yes,36
interesse,3,yes,23
iovotosi,3,yes,2191
istituzioni,3,yes,43
italiani,3,yes,120
km,3,yes,22
larticolo,3,yes,35
lastampa,3,yes,42
lebufaledelno,3,yes,49
leggete,3,yes,33
leggi,3,yes,91
leragionidelsi,3,yes,152
leuropa,3,yes,24
lezione,3,yes,24
lha,3,yes,40
lintervista,3,yes,43
litaliabastaunsi,3,yes,21
locali,3,yes,28
luoghi,3,yes,35
madia,3,yes,35
mancano,3,yes,30
manifestazione,3,yes,28
mantova,3,yes,27
maria,3,yes,22
matteo,3,yes,144
matteomatteorenziit,3,yes,21
matteorenzi,3,yes,493
matteorisponde,3,yes,629
matteorispondeinviatemi,3,yes,20
mattina,3,yes,54
maxbax,3,yes,21
meb,3,yes,76
messina,3,yes,21
mette,3,yes,23
micheleemiliano,3,yes,22
migranti,3,yes,26
miliardo,3,yes,56
mipiacebarca,3,yes,20
modifica,3,yes,23
morte,3,yes,38
morti,3,yes,25
mostra,3,yes,37
movimento,3,yes,42
mozione,3,yes,28
museomaxxi,3,yes,21
napoli,3,yes,207
neanche,3,yes,36
nextquotidiano,3,yes,23
nonstopnews,3,yes,33
nonunadimeno,3,yes,19
notizia,3,yes,86
nr,3,yes,29
nuova,3,yes,133
nuvola,3,yes,99
nzingaretti,3,yes,21
occasione,3,yes,31
onda,3,yes,21
opere,3,yes,31
opportunita,3,yes,22
ormai,3,yes,23
ospite,3,yes,34
ottoemezzo,3,yes,107
paesi,3,yes,22
pagare,3,yes,21
pare,3,yes,24
parla,3,yes,99
parlamentare,3,yes,45
passo,3,yes,162
patto,3,yes,34
paura,3,yes,44
pd,3,yes,164
pena,3,yes,27
pensa,3,yes,21
pensando,3,yes,20
percheiovotosi,3,yes,25
piazzapulita,3,yes,29
politiche,3,yes,66
politici,3,yes,46
poltrone,3,yes,35
popolare,3,yes,50
possiamo,3,yes,122
posti,3,yes,29
potere,3,yes,49
poteri,3,yes,74
potra,3,yes,21
potranno,3,yes,20
presidente,3,yes,184
presidenza,3,yes,19
previsto,3,yes,20
primi,3,yes,45
problemi,3,yes,72
pronta,3,yes,25
pronto,3,yes,26
propaganda,3,yes,38
proposito,3,yes,21
propri,3,yes,36
punto,3,yes,68
quei,3,yes,28
quesito,3,yes,101
raffaelepizzati,3,yes,27
ragazzi,3,yes,50
ragioni,3,yes,363
raitre,3,yes,23
rappresentanti,3,yes,21
rappresentera,3,yes,19
reato,3,yes,25
referendaria,3,yes,45
referendum,3,yes,846
reggiocalabria,3,yes,20
regionali,3,yes,42
regionelazio,3,yes,19
regioni,3,yes,109
repubblica,3,yes,121
repubblicait,3,yes,124
rete,3,yes,41
ricerca,3,yes,21
riduzione,3,yes,33
riforma,3,yes,929
ripartire,3,yes,32
risanare,3,yes,40
rischio,3,yes,47
risparmi,3,yes,48
risposta,3,yes,21
risposte,3,yes,19
risultato,3,yes,23
riva,3,yes,34
roma,3,yes,366
rtl,3,yes,19
sali,3,yes,84
sandrogozi,3,yes,33
sbagliato,3,yes,20
scandalo,3,yes,20
scegliere,3,yes,39
scena,3,yes,21
scheda,3,yes,71
scriviamo,3,yes,36
semplice,3,yes,138
senato,3,yes,226
senatori,3,yes,193
senso,3,yes,32
sentenza,3,yes,19
sentire,3,yes,28
serata,3,yes,39
serie,3,yes,20
serracchiani,3,yes,21
serve,3,yes,77
servizio,3,yes,27
servono,3,yes,27
settore,3,yes,19
sfida,3,yes,37
sicuro,3,yes,21
sigira,3,yes,24
sindaca,3,yes,37
sisma,3,yes,24
siti,3,yes,35
sito,3,yes,37
smonteremo,3,yes,20
so,3,yes,30
sociale,3,yes,62
sorriso,3,yes,30
spiega,3,yes,64
stare,3,yes,30
stasera,3,yes,143
statuto,3,yes,19
stefanofassina,3,yes,20
stelle,3,yes,60
stellegatti,3,yes,45
stipendio,3,yes,31
streaming,3,yes,26
successo,3,yes,22
tanta,3,yes,43
tappa,3,yes,32
taranto,3,yes,85
teatro,3,yes,63
teresabellanova,3,yes,24
terme,3,yes,26
terremotocentroitalia,3,yes,38
territori,3,yes,50
territorio,3,yes,21
testo,3,yes,101
tgreferendum,3,yes,25
trasparenza,3,yes,34
trump,3,yes,46
tutela,3,yes,19
tv,3,yes,47
twitter,3,yes,19
uguale,3,yes,22
ultime,3,yes,22
unitalia,3,yes,94
unitaonline,3,yes,31
uniti,3,yes,38
universita,3,yes,23
uomini,3,yes,21
usa,3,yes,54
vada,3,yes,20
vanninochiti,3,yes,20
vedere,3,yes,53
vediamo,3,yes,81
venerdi,3,yes,49
vera,3,yes,19
vere,3,yes,21
verita,3,yes,56
vero,3,yes,108
verra,3,yes,20
video,3,yes,154
vigilidelfuoco,3,yes,22
vince,3,yes,232
vincere,3,yes,29
vogliamo,3,yes,40
voglio,3,yes,71
volontari,3,yes,24
votare,3,yes,301
voteranno,3,yes,31
votiamo,3,yes,43
voto,3,yes,338
youtube,3,yes,25
ah,1,no,43
alemannotw,1,no,28
alessandro,1,no,25
allultimo,1,no,25
ambulanti,1,no,20
andiamo,1,no,27
andrearomano,1,no,25
arriva,1,no,60
arrivo,1,no,24
aumento,1,no,23
autonomie,1,no,20
avra,1,no,34
banca,1,no,40
barbara,1,no,22
barbareschi,1,no,27
battaglia,1,no,41
bello,1,no,34
bicameralismo,1,no,57
bocca,1,no,21
boccia,1,no,29
bologna,1,no,74
borgonzoni,1,no,39
bugiardo,1,no,40
cambia,1,no,45
cancella,1,no,23
capitano,1,no,42
capito,1,no,37
capogruppo,1,no,31
casta,1,no,59
castro,1,no,34
ce,1,no,331
centro,1,no,49
centrodestra,1,no,96
chiama,1,no,34
chiede,1,no,42
chiesto,1,no,21
chissa,1,no,22
ciao,1,no,27
clandestini,1,no,51
cnel,1,no,45
comitato,1,no,50
commissione,1,no,38
comunale,1,no,47
comuni,1,no,28
condannata,1,no,25
conferma,1,no,26
confronto,1,no,56
consigliere,1,no,46
consulta,1,no,75
continua,1,no,80
costi,1,no,76
costituzione,1,no,610
criminale,1,no,21
cristiana,1,no,23
cuore,1,no,62
dati,1,no,29
davvero,1,no,55
de,1,no,145
debbio,1,no,20
deluca,1,no,34
deputato,1,no,20
destra,1,no,43
dico,1,no,44
difende,1,no,20
difendere,1,no,68
difesa,1,no,47
direttore,1,no,35
diritti,1,no,75
disastro,1,no,28
ditalia,1,no,46
elettorali,1,no,31
elezioni,1,no,41
ellyesse,1,no,22
europa,1,no,57
eziof,1,no,82
facebook,1,no,30
false,1,no,26
falso,1,no,49
famiglia,1,no,21
fatti,1,no,40
fattoquotidiano,1,no,40
fdian,1,no,27
fidel,1,no,20
fidiamoci,1,no,33
figiovani,1,no,26
finire,1,no,20
finta,1,no,22
firme,1,no,62
fondo,1,no,28
forte,1,no,47
francesco,1,no,22
fratelli,1,no,24
fronte,1,no,46
gabanelli,1,no,45
gasparripdl,1,no,110
gasparritour,1,no,71
genova,1,no,73
giornata,1,no,46
gran,1,no,20
grandi,1,no,98
grave,1,no,22
graziegiorgio,1,no,69
grillo,1,no,35
gruber,1,no,31
guerra,1,no,36
idea,1,no,22
immigrazione,1,no,23
impegno,1,no,22
incontro,1,no,44
incostituzionale,1,no,30
info,1,no,33
interviene,1,no,22
lapo,1,no,22
lapoelkann,1,no,30
lavoratori,1,no,66
lavoratoriperilno,1,no,327
lavoratoriperno,1,no,82
lega,1,no,194
legge,1,no,248
liberta,1,no,68
locali,1,no,26
lombardia,1,no,34
lotta,1,no,41
lucatelese,1,no,31
lucia,1,no,30
lultima,1,no,21
mandiamo,1,no,30
manifestazione,1,no,42
manovra,1,no,43
marco,1,no,46
maroni,1,no,49
martedi,1,no,98
massimolimonta,1,no,23
meloni,1,no,34
mette,1,no,30
milakmperilno,1,no,397
milena,1,no,35
montanari,1,no,30
montecitorio,1,no,24
morte,1,no,24
n,1,no,36
napoli,1,no,111
napolitano,1,no,113
nn,1,no,30
nograzie,1,no,31
noivotiamono,1,no,22
nord,1,no,153
notte,1,no,28
nun,1,no,23
on,1,no,28
ottoemezzo,1,no,209
paolo,1,no,43
partito,1,no,82
passa,1,no,61
perdere,1,no,29
pernoieno,1,no,41
persona,1,no,26
petruscaa,1,no,30
piano,1,no,31
pochi,1,no,55
politica,1,no,228
politiche,1,no,33
poltrone,1,no,61
pomeriggio,1,no,28
popolare,1,no,51
populista,1,no,28
porta,1,no,150
posizione,1,no,32
possibilita,1,no,27
prende,1,no,26
prendere,1,no,32
presso,1,no,28
profilo,1,no,51
profughi,1,no,41
promesse,1,no,27
proposta,1,no,47
puglia,1,no,35
punto,1,no,58
puoi,1,no,30
quagliariellog,1,no,22
quintacolonna,1,no,106
quintacolonnatv,1,no,23
radiorpl,1,no,199
regime,1,no,49
regione,1,no,52
renatapolverini,1,no,307
report,1,no,58
repubblicait,1,no,48
resta,1,no,37
rete,1,no,113
revisione,1,no,20
ricostituente,1,no,37
riforma,1,no,1042
risparmio,1,no,24
roberto,1,no,46
rondolino,1,no,27
rotondi,1,no,25
sa,1,no,72
sabato,1,no,20
sala,1,no,40
sanita,1,no,93
sanno,1,no,25
sbugiarda,1,no,59
schifo,1,no,43
scritta,1,no,43
segretario,1,no,20
semplice,1,no,52
serata,1,no,32
significa,1,no,21
sindaco,1,no,106
sinistra,1,no,75
socialstars,1,no,82
soggetto,1,no,25
soldi,1,no,151
sondaggio,1,no,27
spazi,1,no,24
spese,1,no,29
spiegare,1,no,85
sprechi,1,no,22
statuto,1,no,26
stefanocetica,1,no,23
stelle,1,no,40
storace,1,no,222
sviluppo,1,no,22
tagliare,1,no,83
tanti,1,no,91
tappa,1,no,94
telegiornali,1,no,26
tempi,1,no,24
territori,1,no,33
territorio,1,no,26
tg,1,no,62
times,1,no,21
toglie,1,no,62
togliere,1,no,33
tomaso,1,no,29
trendingtopic,1,no,24
trump,1,no,61
twitter,1,no,55
ugl,1,no,43
uglnazionale,1,no,60
unaltra,1,no,25
unico,1,no,22
uniti,1,no,22
vaientinaiori,1,no,177
vanno,1,no,39
ve,1,no,29
vengono,1,no,30
vergogna,1,no,71
verita,1,no,71
vero,1,no,124
verona,1,no,48
vertici,1,no,23
viene,1,no,40
vincenzi,1,no,26
vincera,1,no,25
violenza,1,no,29
vota,1,no,470
vuol,1,no,24
abolisce,2,no,27
accozzaglia,2,no,68
act,2,no,21
agenda,2,no,71
agorarai,2,no,40
amici,2,no,129
amministrazione,2,no,31
andate,2,no,34
andrea,2,no,30
andreapertici,2,no,81
angelodebiasio,2,no,27
annaleonardi,2,no,23
anzi,2,no,23
appena,2,no,46
approvato,2,no,21
arenagiletti,2,no,91
arrestati,2,no,23
attento,2,no,165
bambini,2,no,70
bancaetruria,2,no,30
banche,2,no,168
banchieri,2,no,33
base,2,no,22
bel,2,no,25
beppegrillo,2,no,204
bilancio,2,no,68
bitonci,2,no,21
boni,2,no,224
bugie,2,no,92
buon,2,no,59
buongiorno,2,no,102
burocrati,2,no,34
cambiamo,2,no,55
cambiato,2,no,24
camera,2,no,52
campania,2,no,39
camper,2,no,25
canale,2,no,48
capezzone,2,no,21
capo,2,no,41
carabinieri,2,no,23
catonegiampiero,2,no,23
cazzaro,2,no,139
cdx,2,no,42
cechidiceno,2,no,29
centra,2,no,20
chiaro,2,no,64
chiedere,2,no,29
chigi,2,no,24
chiude,2,no,39
cittadini,2,no,310
civati,2,no,103
clinton,2,no,27
collegio,2,no,20
colpa,2,no,34
colpi,2,no,20
comitatono,2,no,30
competenze,2,no,21
comune,2,no,66
conferenza,2,no,59
congresso,2,no,40
conti,2,no,30
convegno,2,no,25
convinto,2,no,23
copia,2,no,50
coraggio,2,no,25
corte,2,no,77
cose,2,no,71
cosenza,2,no,25
costituente,2,no,37
costruire,2,no,24
crea,2,no,20
creare,2,no,20
credo,2,no,36
crisi,2,no,35
culo,2,no,43
cultura,2,no,20
cure,2,no,24
daccordo,2,no,22
danno,2,no,75
decidere,2,no,40
dellitalia,2,no,31
deputati,2,no,53
deriva,2,no,27
devono,2,no,44
dici,2,no,22
dicono,2,no,88
differenza,2,no,22
diffondi,2,no,54
domani,2,no,186
dovrebbe,2,no,53
eletti,2,no,67
eletto,2,no,107
emilia,2,no,27
emiliano,2,no,24
fake,2,no,24
famiglie,2,no,45
fara,2,no,38
fedriga,2,no,58
film,2,no,20
financial,2,no,23
financialtimes,2,no,33
firenze,2,no,165
fiscale,2,no,36
flattax,2,no,29
fondi,2,no,43
fornero,2,no,41
forti,2,no,63
foto,2,no,91
ftk,2,no,35
gasparri,2,no,30
giornale,2,no,27
giornalisti,2,no,21
giovani,2,no,44
giuliadivita,2,no,46
grotondi,2,no,56
gt,2,no,1043
gtgt,2,no,89
ilva,2,no,34
imbroglio,2,no,37
immigrati,2,no,52
imprese,2,no,26
interessi,2,no,26
intervista,2,no,54
italiane,2,no,29
juncker,2,no,39
laffluenza,2,no,27
lascia,2,no,31
lavoriamo,2,no,38
leader,2,no,30
lebufaledirenzi,2,no,90
leggi,2,no,119
leolucaorlando,2,no,39
letto,2,no,27
lha,2,no,28
libro,2,no,48
litalicum,2,no,21
live,2,no,65
livello,2,no,23
lobby,2,no,25
ltltla,2,no,20
luigi,2,no,27
luigidimaio,2,no,24
lunedi,2,no,145
lunica,2,no,27
mafia,2,no,22
maggioranza,2,no,95
malati,2,no,66
mano,2,no,53
mantenere,2,no,22
maracarfagna,2,no,33
mare,2,no,21
massimiliano,2,no,38
massimoleaderpd,2,no,25
matrix,2,no,23
mattino,2,no,62
maurizio,2,no,20
media,2,no,33
mercoledi,2,no,94
merito,2,no,52
merkel,2,no,36
mettere,2,no,38
migliaia,2,no,21
migliore,2,no,26
migranti,2,no,25
milano,2,no,121
minuti,2,no,67
misura,2,no,20
mld,2,no,37
monti,2,no,64
motivi,2,no,27
motivo,2,no,37
movimento,2,no,40
mps,2,no,30
ms,2,no,302
neanche,2,no,44
nero,2,no,22
news,2,no,28
nfratoianni,2,no,44
nominati,2,no,31
notizia,2,no,36
nov,2,no,28
novembre,2,no,327
orgoglio,2,no,25
padova,2,no,39
padri,2,no,24
pare,2,no,20
parlamentari,2,no,63
parlare,2,no,71
parola,2,no,40
partecipazione,2,no,34
partiti,2,no,42
patto,2,no,25
pd,2,no,388
pensare,2,no,23
penso,2,no,47
piacenza,2,no,34
piazza,2,no,225
piccolo,2,no,26
portaaporta,2,no,108
possono,2,no,44
premio,2,no,25
presentazione,2,no,20
presenti,2,no,22
primarie,2,no,24
problema,2,no,59
programma,2,no,38
proporzionale,2,no,23
provincia,2,no,25
pubblica,2,no,39
punti,2,no,47
qualita,2,no,20
qualsiasi,2,no,113
quesito,2,no,30
quorum,2,no,30
raccolta,2,no,20
radio,2,no,164
ragazzi,2,no,34
ragioni,2,no,295
rai,2,no,228
rainews,2,no,39
referendumdicembre,2,no,40
reggio,2,no,32
rende,2,no,22
renziacasa,2,no,26
renzibugiardo,2,no,50
renziiovotono,2,no,22
restituiti,2,no,36
restituito,2,no,35
restitutionday,2,no,151
ribadire,2,no,21
ricatto,2,no,22
ricorda,2,no,36
riduce,2,no,47
riforme,2,no,92
rignano,2,no,61
rignanose,2,no,24
rischio,2,no,70
risorse,2,no,27
risparmi,2,no,43
risparmiare,2,no,23
risposta,2,no,25
rivcristiana,2,no,79
rivoluzione,2,no,38
romano,2,no,31
rtl,2,no,23
salerno,2,no,41
salvini,2,no,1117
saro,2,no,77
scarica,2,no,54
scelta,2,no,43
schiavi,2,no,27
schiforma,2,no,129
scritto,2,no,59
scrivere,2,no,27
scuola,2,no,43
senato,2,no,363
senso,2,no,29
servizio,2,no,31
settimana,2,no,35
silvio,2,no,60
sindaci,2,no,66
sistema,2,no,32
skytg,2,no,57
sondaggi,2,no,102
sostenitori,2,no,26
sovranita,2,no,74
spende,2,no,20
spero,2,no,22
spiega,2,no,42
spread,2,no,28
staff,2,no,71
stampa,2,no,74
stefanocatone,2,no,21
stipendio,2,no,24
stop,2,no,26
studio,2,no,27
successo,2,no,33
sud,2,no,96
tagadala,2,no,49
taglio,2,no,27
tantissimi,2,no,20
taranto,2,no,111
tecnico,2,no,59
terrorismo,2,no,53
testa,2,no,36
tocca,2,no,39
torna,2,no,37
tour,2,no,194
tribunale,2,no,22
trovare,2,no,21
truffa,2,no,27
ue,2,no,95
unici,2,no,21
unito,2,no,40
usare,2,no,33
valido,2,no,135
valori,2,no,33
vantaggio,2,no,64
vedere,2,no,70
vedo,2,no,24
venezia,2,no,92
verdini,2,no,35
veri,2,no,21
vinca,2,no,41
vince,2,no,293
vite,2,no,20
vittoria,2,no,89
vogliamo,2,no,42
voglio,2,no,76
vogliono,2,no,61
voluto,2,no,24
votate,2,no,54
votato,2,no,37
votera,2,no,38
abolire,3,no,21
accordo,3,no,49
addio,3,no,22
agora,3,no,20
agropoli,3,no,51
aiuti,3,no,39
alemussolini,3,no,91
alessandria,3,no,24
alfano,3,no,54
allestero,3,no,49
almeno,3,no,32
amico,3,no,20
andare,3,no,83
andfranchini,3,no,30
andra,3,no,21
antoniobordin,3,no,54
appello,3,no,33
approvata,3,no,20
appuntamento,3,no,28
ariachetira,3,no,53
arrivano,3,no,20
art,3,no,53
articolo,3,no,23
aspettiamo,3,no,44
aspetto,3,no,64
attenzione,3,no,48
aumentano,3,no,25
balle,3,no,49
banda,3,no,102
bastaunsi,3,no,87
bella,3,no,56
bellissima,3,no,28
bisogna,3,no,54
bisogno,3,no,50
bomba,3,no,30
boschi,3,no,123
bruxelles,3,no,22
bufale,3,no,77
buona,3,no,65
calabria,3,no,23
calamari,3,no,83
cambiare,3,no,111
campagna,3,no,177
campo,3,no,47
cancro,3,no,20
capire,3,no,37
carlo,3,no,20
carlomagnani,3,no,21
caro,3,no,59
carta,3,no,47
cartabianca,3,no,25
casson,3,no,20
cazzo,3,no,43
centinaio,3,no,156
cera,3,no,24
chiudere,3,no,21
chiudiamolo,3,no,20
clientele,3,no,21
comitatodelno,3,no,74
condividere,3,no,27
conduce,3,no,25
conseguenze,3,no,20
consenso,3,no,26
consiglieri,3,no,54
conto,3,no,32
contrario,3,no,25
contratti,3,no,46
contratto,3,no,42
convincere,3,no,42
corriere,3,no,69
costituenti,3,no,25
costituzionale,3,no,285
credere,3,no,20
crescita,3,no,44
crozzatweet,3,no,34
dalema,3,no,24
dallavostraparte,3,no,43
dare,3,no,52
dato,3,no,32
debito,3,no,22
democratico,3,no,25
democrazia,3,no,269
dibattito,3,no,20
dic,3,no,38
dicembre,3,no,954
diciamo,3,no,78
dimartedi,3,no,37
dipendenti,3,no,30
diretta,3,no,302
direttamente,3,no,22
diritto,3,no,67
dittatura,3,no,22
dividere,3,no,27
dobbiamo,3,no,83
domanda,3,no,47
domande,3,no,21
domenica,3,no,400
donne,3,no,36
dovere,3,no,48
dubbi,3,no,50
dubbio,3,no,42
effetti,3,no,29
elettivo,3,no,20
elettorale,3,no,177
elettori,3,no,53
elezione,3,no,26
entra,3,no,21
entrare,3,no,21
esiste,3,no,45
eterranova,3,no,36
etruria,3,no,48
euro,3,no,284
europeo,3,no,22
facile,3,no,20
far,3,no,103
farci,3,no,23
farlo,3,no,29
fate,3,no,42
fatta,3,no,60
fermare,3,no,21
fette,3,no,21
fi,3,no,21
fiducia,3,no,30
figli,3,no,27
finale,3,no,28
finanza,3,no,37
finisce,3,no,22
finita,3,no,25
firma,3,no,40
firmato,3,no,21
forzaitalia,3,no,224
frega,3,no,37
fregare,3,no,24
fritture,3,no,22
fuffa,3,no,24
gazebo,3,no,33
gennaio,3,no,25
giamma,3,no,50
gianfrancofini,3,no,30
giorgiameloni,3,no,49
giornaleditalia,3,no,44
giornali,3,no,54
giovanni,3,no,25
giovedi,3,no,67
girare,3,no,62
giro,3,no,76
giulio,3,no,27
giusto,3,no,37
governi,3,no,51
guarda,3,no,28
h,3,no,23
hashtag,3,no,183
immagini,3,no,21
immunita,3,no,21
importante,3,no,39
incredibile,3,no,22
indecisi,3,no,49
indeciso,3,no,22
informare,3,no,23
interessa,3,no,20
intervento,3,no,44
iodicono,3,no,596
iovotono,3,no,3214
istituzioni,3,no,27
italia,3,no,194
italiana,3,no,40
italiani,3,no,370
italiano,3,no,98
jobsact,3,no,28
km,3,no,29
lappello,3,no,28
lariachetira,3,no,37
larticolo,3,no,23
latv,3,no,38
lavorare,3,no,33
leganord,3,no,36
leggere,3,no,43
lelezione,3,no,22
letta,3,no,33
lettera,3,no,79
lho,3,no,24
libera,3,no,69
liberamocene,3,no,20
libero,3,no,48
liguria,3,no,24
limmunita,3,no,27
link,3,no,22
listat,3,no,21
litalia,3,no,202
ln,3,no,840
luca,3,no,66
lultimo,3,no,36
madia,3,no,56
maio,3,no,27
manca,3,no,32
mandare,3,no,30
mandato,3,no,31
mani,3,no,44
mantova,3,no,38
marghera,3,no,47
maria,3,no,35
massa,3,no,47
massimo,3,no,72
matteo,3,no,366
matteorenzi,3,no,347
matteosalvinimi,3,no,44
mattina,3,no,33
meb,3,no,32
mediasettgcom,3,no,59
mente,3,no,23
menzogne,3,no,29
meravigliosafrittura,3,no,40
mercati,3,no,53
mercato,3,no,37
merda,3,no,31
mese,3,no,25
messina,3,no,22
messo,3,no,30
meta,3,no,20
mfedriga,3,no,34
micheleemiliano,3,no,80
minuto,3,no,37
mln,3,no,42
morti,3,no,29
movstelle,3,no,30
mozione,3,no,21
natale,3,no,26
noiovotono,3,no,44
novara,3,no,37
numero,3,no,25
nuova,3,no,102
nuove,3,no,24
omnibusla,3,no,38
onda,3,no,31
ormai,3,no,45
ospite,3,no,29
p,3,no,32
pa,3,no,150
padania,3,no,820
padroni,3,no,21
paga,3,no,29
pagare,3,no,32
pagato,3,no,28
pagina,3,no,30
palazzo,3,no,49
palermo,3,no,81
parla,3,no,90
parlamentare,3,no,35
parlamento,3,no,116
parlano,3,no,22
parole,3,no,77
paura,3,no,86
pbersani,3,no,27
pena,3,no,32
pensa,3,no,46
pensi,3,no,24
pensiero,3,no,24
pensionati,3,no,28
perchesipercheno,3,no,58
perde,3,no,44
pericolo,3,no,24
perso,3,no,21
pesce,3,no,21
pessima,3,no,30
pezzo,3,no,26
piace,3,no,43
piantano,3,no,21
piazzapulita,3,no,21
piena,3,no,32
poche,3,no,23
politici,3,no,56
politico,3,no,62
popolo,3,no,189
possiamo,3,no,29
possibile,3,no,63
possibileit,3,no,53
potere,3,no,119
poteri,3,no,101
poteva,3,no,22
poveri,3,no,22
premier,3,no,106
presidente,3,no,284
prevede,3,no,25
pro,3,no,20
problemi,3,no,37
prodi,3,no,128
propaganda,3,no,51
proposte,3,no,24
prosegue,3,no,20
prossima,3,no,25
prossimo,3,no,20
protesta,3,no,20
pubblicaamministrazione,3,no,26
pubblici,3,no,44
pubblico,3,no,39
quellaschedanonesiste,3,no,142
r,3,no,31
radioanchio,3,no,75
radiocusano,3,no,31
raggiunge,3,no,23
ragione,3,no,59
realta,3,no,43
referendaria,3,no,47
referendum,3,no,1213
referendumcostituzionale,3,no,329
regionale,3,no,48
regionali,3,no,59
regioni,3,no,99
regole,3,no,20
renatobrunetta,3,no,142
renzi,3,no,2113
renzipeggiodimonti,3,no,39
repubblica,3,no,83
resto,3,no,44
retweeted,3,no,103
riformacostituzionale,3,no,180
rinnovo,3,no,28
roma,3,no,322
rompe,3,no,23
rompiballe,3,no,20
rt,3,no,242
s,3,no,30
salute,3,no,22
salvare,3,no,57
san,3,no,71
santoro,3,no,30
sapere,3,no,44
sbagliata,3,no,28
scegliere,3,no,23
schaeuble,3,no,37
schauble,3,no,23
scheda,3,no,106
schiera,3,no,21
scompare,3,no,25
scrive,3,no,24
scuole,3,no,24
scusa,3,no,20
seconda,3,no,20
sede,3,no,20
segui,3,no,39
semplicemente,3,no,20
senantoniorazzi,3,no,116
senatore,3,no,39
senatori,3,no,178
sentire,3,no,27
sera,3,no,154
serve,3,no,80
serveunno,3,no,59
servizi,3,no,25
settembre,3,no,24
siena,3,no,40
sito,3,no,20
snelliamo,3,no,20
so,3,no,46
soli,3,no,20
sovrano,3,no,36
spaccato,3,no,20
speciale,3,no,31
speranza,3,no,31
sportelloindecisi,3,no,169
st,3,no,37
stabilita,3,no,22
stamattina,3,no,21
stare,3,no,41
stasera,3,no,125
statali,3,no,58
stavoltano,3,no,98
stipendi,3,no,27
storia,3,no,66
strada,3,no,28
stravolgere,3,no,26
streaming,3,no,54
succede,3,no,20
supremazia,3,no,20
tagli,3,no,31
taglia,3,no,31
tante,3,no,42
tasse,3,no,132
tav,3,no,47
teatro,3,no,25
tecnologiasolidale,3,no,46
terra,3,no,21
terremoto,3,no,40
testo,3,no,27
tgreferendum,3,no,28
tornare,3,no,28
tourdellasovranita,3,no,32
treno,3,no,40
trenotour,3,no,99
tv,3,no,502
tweet,3,no,37
ultima,3,no,32
ultime,3,no,45
ultimi,3,no,62
unire,3,no,27
unitixilno,3,no,21
unomattina,3,no,38
uomini,3,no,21
usa,3,no,39
v,3,no,22
vede,3,no,23
vediamo,3,no,41
venerdi,3,no,139
veneto,3,no,57
vera,3,no,37
veramente,3,no,20
video,3,no,182
vignetta,3,no,20
vincenzodeluca,3,no,21
vincere,3,no,81
vincolo,3,no,26
voce,3,no,35
volete,3,no,25
votano,3,no,79
votare,3,no,509
voteranno,3,no,27
voti,3,no,80
votiamo,3,no,111
voto,3,no,405
vs,3,no,25
vuoi,3,no,55
vuole,3,no,178
youtube,3,no,40
zaia,3,no,30
zampierichiara,3,no,22
zero,3,no,27
